mean_fit_time,std_fit_time,mean_score_time,std_score_time,params,split0_test_score,split1_test_score,split2_test_score,split3_test_score,split4_test_score,mean_test_score,std_test_score,rank_test_score,model,param_clf__C,param_clf__max_depth,param_clf__max_features,param_clf__learning_rate,param_clf__max_leaf_nodes,param_clf__hidden,param_clf__weight_decay
0.07077455520629883,0.021510717591071468,0.00839385986328125,0.00019922337502204735,{},0.12440191387559808,0.04784688995215311,0.028708133971291867,0.028708133971291867,0.04784688995215311,0.05550239234449761,0.03549710428897877,1,prior_baseline,,,,,,,
0.16080279350280763,0.12754962206880388,0.011364507675170898,0.0031615348959738,{'clf__C': 0.003},0.11757898443213288,0.1252344909679794,0.03484709116709584,0.05348493736477659,0.044238245462601695,0.07507674987891728,0.03836113683280123,3,logistic_l2,0.003,,,,,,
0.1377028465270996,0.08622786838156384,0.04239654541015625,0.05562564225805632,{'clf__C': 0.01},0.1161841998430633,0.13053958471042135,0.036480125514438126,0.0478493582288852,0.04374181816978327,0.07495901729331825,0.03994693329632688,4,logistic_l2,0.01,,,,,,
0.15213675498962403,0.05989666438225015,0.018096256256103515,0.011111894224264405,{'clf__C': 0.03},0.11490045538520682,0.13570579085596424,0.037595564072440565,0.04715075839963888,0.04323171273973971,0.07571685629059804,0.041130441594791324,2,logistic_l2,0.03,,,,,,
0.1882678508758545,0.07961468444780076,0.0249603271484375,0.016127012010068983,{'clf__C': 0.1},0.11786194007081188,0.13437798453242103,0.036676800444840146,0.050700721715214475,0.041410990957124354,0.07620568754408238,0.041335134254735305,1,logistic_l2,0.1,,,,,,
0.2736408233642578,0.2594286506240828,0.03724913597106934,0.025104223879611004,{'clf__C': 1.0},0.11754032259079476,0.1273407503251723,0.03502379908860027,0.05255754621507339,0.038628199175845035,0.07421812347909715,0.03992704547709579,5,logistic_l2,1.0,,,,,,
2.2112008571624755,0.28226374284167627,0.1486523151397705,0.012886362467376379,"{'clf__max_depth': None, 'clf__max_features': 'sqrt'}",0.126193343343208,0.15258006576783714,0.035556374528910036,0.16863571104281205,0.07654839177526077,0.11190277729160561,0.04930759300131089,4,random_forest,,,sqrt,,,,
2.373933935165405,0.5179960715689499,0.14312376976013183,0.015981628022614918,"{'clf__max_depth': None, 'clf__max_features': 0.1}",0.14501607493848986,0.14019391220973404,0.044277995900674445,0.273599824050855,0.06638367557092674,0.133894296534136,0.08033651574884934,3,random_forest,,,0.1,,,,
2.1063820362091064,0.3114099675262133,0.17583513259887695,0.0324103697840951,"{'clf__max_depth': 8, 'clf__max_features': 'sqrt'}",0.12661305244754517,0.1549629268531995,0.053400365723060755,0.33728856297566656,0.1575755503237127,0.16596809166463694,0.09355486553713387,2,random_forest,,8,sqrt,,,,
2.268655776977539,0.42919994908512493,0.14051527976989747,0.007114932665562579,"{'clf__max_depth': 8, 'clf__max_features': 0.1}",0.1452977443584944,0.14446121537898204,0.05427039455175967,0.4702520869576945,0.05740237861570083,0.1743367639725263,0.15322615637415718,1,random_forest,,8,0.1,,,,
1.0233329296112061,0.351876112887242,0.0595858097076416,0.058106582576079785,"{'clf__learning_rate': 0.03, 'clf__max_leaf_nodes': 7}",0.135076040141042,0.04933344214909882,0.13293917228018454,0.2728846221924026,0.045579729220205596,0.1271626011965867,0.08251550362261657,1,hist_gradient_boosting,,,,0.03,7.0,,
1.9605520725250245,1.2557503748737036,0.028077459335327147,0.022877449034997794,"{'clf__learning_rate': 0.03, 'clf__max_leaf_nodes': 31}",0.135076040141042,0.048982781625462574,0.10929060526428824,0.19709374446216552,0.04330315524141271,0.1067492653468742,0.057154816095372235,4,hist_gradient_boosting,,,,0.03,31.0,,
0.777562141418457,0.26395578846744755,0.051097869873046875,0.04373089801674837,"{'clf__learning_rate': 0.1, 'clf__max_leaf_nodes': 7}",0.12450900300903686,0.04895172310022326,0.1371881732208712,0.1676252319109462,0.06457456848762799,0.10856973994574108,0.044834158864860266,3,hist_gradient_boosting,,,,0.1,7.0,,
1.2120113849639893,0.5209001770313176,0.030286598205566406,0.023971420454688967,"{'clf__learning_rate': 0.1, 'clf__max_leaf_nodes': 31}",0.12450900300903686,0.0617633385866701,0.138269092986219,0.1849852404062641,0.039359403376288765,0.10977721567289575,0.05281867150306046,2,hist_gradient_boosting,,,,0.1,31.0,,
2.2210981369018556,1.0435529771973437,0.019655704498291016,0.008310849077245877,"{'clf__hidden': (64, 32), 'clf__weight_decay': 0.001}",0.1408814895644646,0.06402055199632871,0.038501452206625736,0.029152316951917917,0.04618879335615518,0.06374892081509843,0.040229901048226054,2,torch_mlp,,,,,,"(64, 32)",0.001
1.4239187717437745,0.6489950697742854,0.01145477294921875,0.0018949733669440735,"{'clf__hidden': (64, 32), 'clf__weight_decay': 0.01}",0.1408927869333782,0.06402055199632871,0.038501452206625736,0.029152316951917917,0.04624578704827628,0.06376257902730538,0.04022926370715926,1,torch_mlp,,,,,,"(64, 32)",0.01
2.1904523849487303,1.5892266728961417,0.018580913543701172,0.004814756121416276,"{'clf__hidden': (32,), 'clf__weight_decay': 0.001}",0.11679795863046334,0.06829739283084554,0.03909792162306565,0.03391560583806856,0.04699622353076132,0.061021020490640884,0.030252382120745745,3,torch_mlp,,,,,,"(32,)",0.001
2.0399014472961428,1.3760122330128035,0.01819467544555664,0.004091502957310072,"{'clf__hidden': (32,), 'clf__weight_decay': 0.01}",0.11632195791157107,0.06829739283084554,0.0382441113121652,0.03271330241845495,0.04699622353076132,0.060514597600759626,0.030419291172855075,4,torch_mlp,,,,,,"(32,)",0.01
